user_id,nome,email,data_ultima_compra,numero_compras,ticket_medio,canal_preferido,status
1,Ana Lima,user1@exemplo.com,2025-12-03,5,173.45,push,ativo
2,Daniela Costa,user2@exemplo.com,2025-10-24,16,99.09,push,inativo
3,Paulo Ribeiro,user3@exemplo.com,2025-08-11,2,127.28,email,inativo
4,Leonardo Costa,user4@exemplo.com,2025-09-20,3,147.79,push,inativo
5,Tiago Costa,user5@exemplo.com,2025-12-01,24,155.71,email,ativo
6,Paulo Ferreira,user6@exemplo.com,2025-11-09,14,156.53,email,ativo
7,Paulo Costa,user7@exemplo.com,2025-11-29,23,187.3,email,ativo
8,Mariana Pereira,user8@exemplo.com,2025-08-24,9,93.68,email,inativo
9,Keila Ferreira,user9@exemplo.com,2025-10-08,16,203.1,push,inativo
10,Mariana Almeida,user10@exemplo.com,2025-10-14,16,220.34,email,inativo
11,Nicolas Oliveira,user11@exemplo.com,2025-09-08,15,37.98,push,inativo
12,Paulo Silva,user12@exemplo.com,2025-12-02,3,90.2,push,ativo
13,Igor Pereira,user13@exemplo.com,2025-11-03,25,231.71,email,inativo
14,Gabriel Costa,user14@exemplo.com,2025-10-20,25,50.05,whatsapp,inativo
15,Fernanda Gomes,user15@exemplo.com,2025-10-25,7,73.52,whatsapp,inativo
16,Helena Oliveira,user16@exemplo.com,2025-11-14,2,237.4,email,ativo
17,Julia Gomes,user17@exemplo.com,2025-09-23,6,201.11,email,inativo
18,Ana Almeida,user18@exemplo.com,2025-11-07,0,159.15,push,inativo
19,Fernanda Silva,user19@exemplo.com,2025-11-30,21,72.56,whatsapp,ativo
20,Ana Souza,user20@exemplo.com,2025-09-05,18,43.9,email,inativo
21,Eduardo Lima,user21@exemplo.com,2025-11-09,5,45.51,email,ativo
22,Sofia Silva,user22@exemplo.com,2025-09-05,22,155.86,whatsapp,inativo
23,Fernanda Lima,user23@exemplo.com,2025-10-23,7,191.97,whatsapp,inativo
24,Quezia Lima,user24@exemplo.com,2025-11-19,15,147.09,whatsapp,ativo
25,Bruno Pereira,user25@exemplo.com,2025-09-21,8,180.77,email,inativo
26,Julia Costa,user26@exemplo.com,2025-11-23,20,190.66,email,ativo
27,Quezia Ferreira,user27@exemplo.com,2025-08-20,14,169.28,email,inativo
28,Fernanda Oliveira,user28@exemplo.com,2025-09-11,7,57.45,push,inativo
29,Leonardo Almeida,user29@exemplo.com,2025-11-10,15,138.38,push,ativo
30,Igor Silva,user30@exemplo.com,2025-09-10,22,236.3,push,inativo
31,Bruno Pereira,user31@exemplo.com,2025-10-29,23,135.48,email,inativo
32,Paulo Almeida,user32@exemplo.com,2025-09-02,15,245.36,email,inativo
33,Eduardo Lima,user33@exemplo.com,2025-08-16,23,113.92,email,inativo
34,Nicolas Souza,user34@exemplo.com,2025-10-11,24,109.77,email,inativo
35,Rafael Oliveira,user35@exemplo.com,2025-11-28,20,160.25,email,ativo
36,Quezia Silva,user36@exemplo.com,2025-09-11,19,208.38,push,inativo
37,Julia Almeida,user37@exemplo.com,2025-11-16,21,101.14,push,ativo
38,Julia Souza,user38@exemplo.com,2025-11-05,4,208.98,email,inativo
39,Nicolas Costa,user39@exemplo.com,2025-08-14,20,136.31,email,inativo
40,Olivia Souza,user40@exemplo.com,2025-08-31,19,199.91,email,inativo
41,Daniela Gomes,user41@exemplo.com,2025-09-13,1,239.21,email,inativo
42,Daniela Lima,user42@exemplo.com,2025-11-16,17,84.17,email,ativo
43,Tiago Gomes,user43@exemplo.com,2025-10-06,16,217.98,whatsapp,inativo
44,Fernanda Costa,user44@exemplo.com,2025-09-27,3,106.92,email,inativo
45,Julia Ferreira,user45@exemplo.com,2025-10-12,7,152.2,push,inativo
46,Rafael Oliveira,user46@exemplo.com,2025-09-05,19,61.99,email,inativo
47,Eduardo Ferreira,user47@exemplo.com,2025-11-17,16,143.58,push,ativo
48,Julia Pereira,user48@exemplo.com,2025-10-18,22,136.04,email,inativo
49,Sofia Ribeiro,user49@exemplo.com,2025-12-01,11,102.08,email,ativo
50,Helena Pereira,user50@exemplo.com,2025-12-06,12,48.09,whatsapp,ativo
51,Sofia Oliveira,user51@exemplo.com,2025-11-28,25,177.14,email,ativo
52,Julia Silva,user52@exemplo.com,2025-08-26,16,210.51,push,inativo
53,Leonardo Oliveira,user53@exemplo.com,2025-09-16,2,204.36,whatsapp,inativo
54,Gabriel Almeida,user54@exemplo.com,2025-08-26,18,200.86,email,inativo
55,Nicolas Silva,user55@exemplo.com,2025-09-08,18,249.8,push,inativo
56,Olivia Ribeiro,user56@exemplo.com,2025-10-01,22,169.66,email,inativo
57,Daniela Almeida,user57@exemplo.com,2025-09-28,23,141.39,whatsapp,inativo
58,Ana Gomes,user58@exemplo.com,2025-09-08,18,116.83,email,inativo
59,Bruno Gomes,user59@exemplo.com,2025-10-17,11,163.9,email,inativo
60,Quezia Pereira,user60@exemplo.com,2025-08-31,9,61.05,email,inativo
61,Carlos Silva,user61@exemplo.com,2025-12-07,20,214.27,email,ativo
62,Leonardo Souza,user62@exemplo.com,2025-08-20,21,31.44,push,inativo
63,Igor Oliveira,user63@exemplo.com,2025-08-25,14,43.11,whatsapp,inativo
64,Daniela Ferreira,user64@exemplo.com,2025-08-21,11,210.88,email,inativo
65,Tiago Oliveira,user65@exemplo.com,2025-08-24,20,77.79,email,inativo
66,Nicolas Souza,user66@exemplo.com,2025-10-12,12,178.88,whatsapp,inativo
67,Olivia Costa,user67@exemplo.com,2025-10-05,11,212.63,email,inativo
68,Igor Ribeiro,user68@exemplo.com,2025-11-03,21,53.98,email,inativo
69,Gabriel Oliveira,user69@exemplo.com,2025-10-01,22,72.65,email,inativo
70,Quezia Ferreira,user70@exemplo.com,2025-10-21,15,210.8,email,inativo
71,Nicolas Souza,user71@exemplo.com,2025-09-01,20,126.21,push,inativo
72,Rafael Gomes,user72@exemplo.com,2025-11-12,12,197.07,email,ativo
73,Keila Almeida,user73@exemplo.com,2025-11-03,1,54.47,email,inativo
74,Rafael Silva,user74@exemplo.com,2025-11-26,20,106.19,email,ativo
75,Paulo Oliveira,user75@exemplo.com,2025-09-01,1,115.44,push,inativo
76,Bruno Lima,user76@exemplo.com,2025-09-07,17,26.65,email,inativo
77,Quezia Ribeiro,user77@exemplo.com,2025-09-29,25,109.08,whatsapp,inativo
78,Ana Almeida,user78@exemplo.com,2025-11-20,22,175.99,email,ativo
79,Helena Pereira,user79@exemplo.com,2025-10-04,6,194.73,push,inativo
80,Carlos Silva,user80@exemplo.com,2025-12-04,7,88.57,whatsapp,ativo
81,Sofia Silva,user81@exemplo.com,2025-11-26,19,168.87,email,ativo
82,Quezia Gomes,user82@exemplo.com,2025-10-05,22,209.18,push,inativo
83,Bruno Souza,user83@exemplo.com,2025-11-20,20,35.26,email,ativo
84,Mariana Costa,user84@exemplo.com,2025-11-14,17,20.53,email,ativo
85,Olivia Ribeiro,user85@exemplo.com,2025-11-23,25,212.54,email,ativo
86,Mariana Almeida,user86@exemplo.com,2025-08-11,5,84.76,email,inativo
87,Fernanda Ferreira,user87@exemplo.com,2025-09-10,19,70.19,email,inativo
88,Mariana Costa,user88@exemplo.com,2025-10-25,17,53.08,email,inativo
89,Fernanda Oliveira,user89@exemplo.com,2025-11-03,22,244.27,email,inativo
90,Bruno Lima,user90@exemplo.com,2025-09-08,13,158.43,email,inativo
91,Quezia Pereira,user91@exemplo.com,2025-11-16,12,105.39,push,ativo
92,Olivia Silva,user92@exemplo.com,2025-09-29,19,248.09,email,inativo
93,Quezia Ferreira,user93@exemplo.com,2025-09-28,15,66.47,push,inativo
94,Keila Lima,user94@exemplo.com,2025-09-22,16,248.71,email,inativo
95,Mariana Ferreira,user95@exemplo.com,2025-08-15,20,187.86,push,inativo
96,Olivia Gomes,user96@exemplo.com,2025-10-05,24,38.29,email,inativo
97,Keila Pereira,user97@exemplo.com,2025-08-21,7,169.39,email,inativo
98,Keila Ribeiro,user98@exemplo.com,2025-11-15,12,100.87,email,ativo
99,Gabriel Costa,user99@exemplo.com,2025-09-09,9,214.94,email,inativo
100,Olivia Oliveira,user100@exemplo.com,2025-11-19,8,29.55,email,ativo
101,Helena Costa,user101@exemplo.com,2025-11-14,4,168.4,push,ativo
102,Olivia Oliveira,user102@exemplo.com,2025-09-05,6,128.55,email,inativo
103,Eduardo Pereira,user103@exemplo.com,2025-08-30,5,64.03,email,inativo
104,Carlos Pereira,user104@exemplo.com,2025-11-18,16,51.73,email,ativo
105,Eduardo Pereira,user105@exemplo.com,2025-11-09,17,135.93,email,ativo
106,Sofia Silva,user106@exemplo.com,2025-11-16,25,76.14,email,ativo
107,Sofia Almeida,user107@exemplo.com,2025-11-16,3,124.94,email,ativo
108,Igor Gomes,user108@exemplo.com,2025-09-23,18,66.71,email,inativo
109,Mariana Ferreira,user109@exemplo.com,2025-11-07,3,197.77,whatsapp,inativo
110,Quezia Lima,user110@exemplo.com,2025-10-13,13,94.47,whatsapp,inativo
111,Daniela Silva,user111@exemplo.com,2025-08-18,0,223.35,email,inativo
112,Keila Ribeiro,user112@exemplo.com,2025-09-15,17,153.27,email,inativo
113,Olivia Ferreira,user113@exemplo.com,2025-09-17,24,167.93,push,inativo
114,Keila Almeida,user114@exemplo.com,2025-08-19,8,93.21,push,inativo
115,Rafael Oliveira,user115@exemplo.com,2025-08-30,21,101.29,email,inativo
116,Rafael Almeida,user116@exemplo.com,2025-10-03,24,97.52,email,inativo
117,Rafael Lima,user117@exemplo.com,2025-09-02,20,138.35,push,inativo
118,Mariana Pereira,user118@exemplo.com,2025-09-19,6,195.75,email,inativo
119,Nicolas Lima,user119@exemplo.com,2025-10-05,15,156.15,email,inativo
120,Julia Souza,user120@exemplo.com,2025-11-10,7,228.93,email,ativo
121,Nicolas Souza,user121@exemplo.com,2025-11-30,6,244.53,whatsapp,ativo
122,Ana Costa,user122@exemplo.com,2025-10-14,12,50.47,push,inativo
123,Ana Almeida,user123@exemplo.com,2025-08-12,17,181.14,email,inativo
124,Tiago Pereira,user124@exemplo.com,2025-09-19,25,216.45,email,inativo
125,Olivia Oliveira,user125@exemplo.com,2025-10-24,24,31.29,push,inativo
126,Olivia Costa,user126@exemplo.com,2025-11-04,9,30.49,email,inativo
127,Mariana Lima,user127@exemplo.com,2025-10-17,2,103.56,email,inativo
128,Julia Souza,user128@exemplo.com,2025-10-30,8,205.54,email,inativo
129,Quezia Pereira,user129@exemplo.com,2025-09-08,17,244.93,whatsapp,inativo
130,Olivia Oliveira,user130@exemplo.com,2025-09-15,21,138.9,whatsapp,inativo
131,Nicolas Costa,user131@exemplo.com,2025-10-02,3,42.6,email,inativo
132,Eduardo Almeida,user132@exemplo.com,2025-08-25,17,179.28,email,inativo
133,Tiago Silva,user133@exemplo.com,2025-11-24,9,222.0,email,ativo
134,Mariana Lima,user134@exemplo.com,2025-08-29,4,46.71,email,inativo
135,Julia Pereira,user135@exemplo.com,2025-11-24,2,164.77,email,ativo
136,Rafael Costa,user136@exemplo.com,2025-08-09,22,173.72,push,inativo
137,Leonardo Lima,user137@exemplo.com,2025-09-18,16,180.84,whatsapp,inativo
138,Tiago Ferreira,user138@exemplo.com,2025-11-24,9,202.49,email,ativo
139,Fernanda Oliveira,user139@exemplo.com,2025-09-21,13,112.01,email,inativo
140,Ana Lima,user140@exemplo.com,2025-12-04,5,79.35,email,ativo
141,Bruno Souza,user141@exemplo.com,2025-09-24,18,191.54,push,inativo
142,Ana Lima,user142@exemplo.com,2025-09-22,25,58.98,push,inativo
143,Helena Pereira,user143@exemplo.com,2025-11-16,23,244.73,email,ativo
144,Leonardo Souza,user144@exemplo.com,2025-08-25,16,55.73,email,inativo
145,Tiago Ferreira,user145@exemplo.com,2025-09-21,0,90.26,push,inativo
146,Daniela Costa,user146@exemplo.com,2025-11-26,11,242.06,whatsapp,ativo
147,Fernanda Gomes,user147@exemplo.com,2025-10-26,19,169.88,email,inativo
148,Nicolas Lima,user148@exemplo.com,2025-12-06,17,55.4,email,ativo
149,Quezia Ferreira,user149@exemplo.com,2025-11-09,6,48.16,email,ativo
150,Gabriel Oliveira,user150@exemplo.com,2025-09-12,0,146.73,whatsapp,inativo
151,Fernanda Pereira,user151@exemplo.com,2025-11-17,2,156.14,email,ativo
152,Julia Lima,user152@exemplo.com,2025-11-21,20,119.3,email,ativo
153,Daniela Gomes,user153@exemplo.com,2025-11-21,7,179.83,email,ativo
154,Bruno Costa,user154@exemplo.com,2025-11-18,22,101.25,push,ativo
155,Olivia Souza,user155@exemplo.com,2025-11-26,11,189.48,whatsapp,ativo
156,Quezia Ferreira,user156@exemplo.com,2025-11-15,19,27.14,email,ativo
157,Eduardo Ribeiro,user157@exemplo.com,2025-08-10,12,124.6,email,inativo
158,Julia Souza,user158@exemplo.com,2025-09-30,0,51.81,email,inativo
159,Tiago Oliveira,user159@exemplo.com,2025-08-11,16,159.92,whatsapp,inativo
160,Eduardo Ferreira,user160@exemplo.com,2025-09-04,19,166.96,email,inativo
161,Julia Almeida,user161@exemplo.com,2025-10-09,24,57.32,push,inativo
162,Bruno Silva,user162@exemplo.com,2025-08-26,24,77.68,email,inativo
163,Julia Lima,user163@exemplo.com,2025-11-01,21,201.57,push,inativo
164,Bruno Ribeiro,user164@exemplo.com,2025-11-19,22,223.63,whatsapp,ativo
165,Helena Lima,user165@exemplo.com,2025-09-28,7,126.46,whatsapp,inativo
166,Sofia Ribeiro,user166@exemplo.com,2025-09-02,22,92.72,push,inativo
167,Paulo Gomes,user167@exemplo.com,2025-09-15,2,93.21,email,inativo
168,Keila Silva,user168@exemplo.com,2025-11-02,2,96.06,email,inativo
169,Julia Pereira,user169@exemplo.com,2025-10-28,3,74.58,whatsapp,inativo
170,Nicolas Almeida,user170@exemplo.com,2025-10-10,14,64.48,email,inativo
171,Helena Ferreira,user171@exemplo.com,2025-11-11,4,134.77,email,ativo
172,Helena Pereira,user172@exemplo.com,2025-10-08,3,232.89,email,inativo
173,Carlos Ribeiro,user173@exemplo.com,2025-11-15,25,37.71,email,ativo
174,Ana Silva,user174@exemplo.com,2025-10-20,15,111.34,email,inativo
175,Olivia Almeida,user175@exemplo.com,2025-11-27,15,210.13,push,ativo
176,Olivia Almeida,user176@exemplo.com,2025-11-04,19,160.16,push,inativo
177,Olivia Oliveira,user177@exemplo.com,2025-09-25,2,221.65,email,inativo
178,Igor Almeida,user178@exemplo.com,2025-09-27,24,123.15,email,inativo
179,Paulo Pereira,user179@exemplo.com,2025-09-04,6,209.01,email,inativo
180,Helena Pereira,user180@exemplo.com,2025-11-02,22,46.89,push,inativo
181,Carlos Gomes,user181@exemplo.com,2025-09-25,17,160.75,email,inativo
182,Gabriel Silva,user182@exemplo.com,2025-10-14,19,33.91,email,inativo
183,Igor Silva,user183@exemplo.com,2025-08-18,13,21.85,push,inativo
184,Julia Almeida,user184@exemplo.com,2025-08-20,11,62.67,email,inativo
185,Sofia Ferreira,user185@exemplo.com,2025-11-24,12,219.17,push,ativo
186,Sofia Souza,user186@exemplo.com,2025-11-02,1,47.3,email,inativo
187,Leonardo Lima,user187@exemplo.com,2025-09-13,12,163.78,email,inativo
188,Ana Almeida,user188@exemplo.com,2025-10-02,9,132.77,push,inativo
189,Keila Almeida,user189@exemplo.com,2025-09-03,8,181.61,email,inativo
190,Sofia Silva,user190@exemplo.com,2025-09-17,14,150.82,email,inativo
191,Daniela Pereira,user191@exemplo.com,2025-11-05,24,168.81,email,inativo
192,Tiago Costa,user192@exemplo.com,2025-10-15,15,229.71,email,inativo
193,Rafael Costa,user193@exemplo.com,2025-09-11,15,51.42,email,inativo
194,Quezia Costa,user194@exemplo.com,2025-10-13,25,101.26,push,inativo
195,Sofia Lima,user195@exemplo.com,2025-11-06,14,139.68,whatsapp,inativo
196,Paulo Oliveira,user196@exemplo.com,2025-10-07,22,156.72,email,inativo
197,Ana Costa,user197@exemplo.com,2025-10-30,10,142.43,email,inativo
198,Olivia Pereira,user198@exemplo.com,2025-11-08,9,224.63,email,ativo
199,Fernanda Lima,user199@exemplo.com,2025-10-03,3,115.84,email,inativo
200,Olivia Oliveira,user200@exemplo.com,2025-12-05,24,123.81,email,ativo
201,Eduardo Ribeiro,user201@exemplo.com,2025-08-12,12,185.45,push,inativo
202,Daniela Pereira,user202@exemplo.com,2025-08-11,17,63.77,email,inativo
203,Julia Oliveira,user203@exemplo.com,2025-08-27,3,239.72,push,inativo
204,Bruno Ribeiro,user204@exemplo.com,2025-11-19,25,245.62,push,ativo
205,Julia Silva,user205@exemplo.com,2025-11-30,8,86.88,whatsapp,ativo
206,Sofia Lima,user206@exemplo.com,2025-09-27,22,131.09,email,inativo
207,Olivia Lima,user207@exemplo.com,2025-10-21,8,155.22,push,inativo
208,Quezia Ribeiro,user208@exemplo.com,2025-11-24,14,60.55,push,ativo
209,Fernanda Almeida,user209@exemplo.com,2025-09-03,9,121.46,email,inativo
210,Rafael Costa,user210@exemplo.com,2025-11-29,9,179.91,whatsapp,ativo
211,Keila Oliveira,user211@exemplo.com,2025-11-18,23,232.62,email,ativo
212,Nicolas Costa,user212@exemplo.com,2025-11-26,6,65.45,email,ativo
213,Bruno Oliveira,user213@exemplo.com,2025-11-05,16,81.49,email,inativo
214,Quezia Souza,user214@exemplo.com,2025-11-15,1,111.22,whatsapp,ativo
215,Fernanda Ferreira,user215@exemplo.com,2025-08-21,10,225.13,email,inativo
216,Leonardo Ribeiro,user216@exemplo.com,2025-11-06,0,69.91,whatsapp,inativo
217,Olivia Ferreira,user217@exemplo.com,2025-09-07,9,31.73,email,inativo
218,Mariana Silva,user218@exemplo.com,2025-10-24,18,205.07,email,inativo
219,Keila Gomes,user219@exemplo.com,2025-09-15,12,214.09,email,inativo
220,Quezia Almeida,user220@exemplo.com,2025-10-11,17,211.22,push,inativo
221,Daniela Ribeiro,user221@exemplo.com,2025-10-29,5,75.88,email,inativo
222,Ana Ferreira,user222@exemplo.com,2025-10-15,13,212.56,whatsapp,inativo
223,Rafael Lima,user223@exemplo.com,2025-11-21,23,211.97,whatsapp,ativo
224,Bruno Pereira,user224@exemplo.com,2025-08-31,10,22.56,push,inativo
225,Ana Oliveira,user225@exemplo.com,2025-11-30,5,129.41,push,ativo
226,Olivia Ribeiro,user226@exemplo.com,2025-11-03,6,80.81,whatsapp,inativo
227,Nicolas Almeida,user227@exemplo.com,2025-08-29,21,35.01,email,inativo
228,Daniela Costa,user228@exemplo.com,2025-08-13,16,162.11,push,inativo
229,Bruno Silva,user229@exemplo.com,2025-09-05,18,105.43,email,inativo
230,Helena Gomes,user230@exemplo.com,2025-09-17,22,52.79,push,inativo
231,Rafael Souza,user231@exemplo.com,2025-09-12,21,153.79,email,inativo
232,Tiago Gomes,user232@exemplo.com,2025-09-11,25,57.02,push,inativo
233,Daniela Silva,user233@exemplo.com,2025-10-08,20,67.54,whatsapp,inativo
234,Leonardo Almeida,user234@exemplo.com,2025-09-24,9,31.16,email,inativo
235,Bruno Gomes,user235@exemplo.com,2025-08-16,12,225.12,push,inativo
236,Rafael Silva,user236@exemplo.com,2025-11-15,12,230.17,email,ativo
237,Paulo Pereira,user237@exemplo.com,2025-11-28,15,138.11,email,ativo
238,Daniela Gomes,user238@exemplo.com,2025-10-31,3,151.6,push,inativo
239,Bruno Oliveira,user239@exemplo.com,2025-10-02,24,36.6,email,inativo
240,Nicolas Ribeiro,user240@exemplo.com,2025-08-31,24,35.91,email,inativo
241,Julia Souza,user241@exemplo.com,2025-09-22,0,237.5,push,inativo
242,Tiago Almeida,user242@exemplo.com,2025-10-07,6,65.16,push,inativo
243,Helena Almeida,user243@exemplo.com,2025-08-10,8,100.08,email,inativo
244,Daniela Ribeiro,user244@exemplo.com,2025-10-08,25,73.99,push,inativo
245,Daniela Oliveira,user245@exemplo.com,2025-09-12,12,41.15,push,inativo
246,Tiago Lima,user246@exemplo.com,2025-09-15,5,53.6,email,inativo
247,Carlos Almeida,user247@exemplo.com,2025-09-04,25,152.62,email,inativo
248,Tiago Pereira,user248@exemplo.com,2025-10-19,4,229.74,push,inativo
249,Gabriel Costa,user249@exemplo.com,2025-11-05,0,102.81,email,inativo
250,Tiago Souza,user250@exemplo.com,2025-11-15,24,73.48,whatsapp,ativo
251,Paulo Gomes,user251@exemplo.com,2025-12-07,6,205.6,email,ativo
252,Ana Ferreira,user252@exemplo.com,2025-11-03,0,229.05,whatsapp,inativo
253,Helena Ferreira,user253@exemplo.com,2025-10-11,2,75.11,email,inativo
254,Daniela Ribeiro,user254@exemplo.com,2025-09-09,15,221.45,push,inativo
255,Keila Almeida,user255@exemplo.com,2025-11-06,8,187.9,push,inativo
256,Quezia Ribeiro,user256@exemplo.com,2025-09-04,9,218.89,email,inativo
257,Quezia Costa,user257@exemplo.com,2025-11-24,24,52.21,email,ativo
258,Gabriel Lima,user258@exemplo.com,2025-08-23,22,164.08,email,inativo
259,Quezia Lima,user259@exemplo.com,2025-10-17,1,111.92,email,inativo
260,Daniela Oliveira,user260@exemplo.com,2025-11-22,11,34.33,whatsapp,ativo
261,Quezia Oliveira,user261@exemplo.com,2025-09-20,1,43.06,email,inativo
262,Eduardo Costa,user262@exemplo.com,2025-08-30,11,75.24,email,inativo
263,Keila Lima,user263@exemplo.com,2025-09-08,5,106.1,push,inativo
264,Ana Oliveira,user264@exemplo.com,2025-10-02,5,209.64,push,inativo
265,Ana Lima,user265@exemplo.com,2025-11-19,0,74.63,whatsapp,ativo
266,Leonardo Oliveira,user266@exemplo.com,2025-10-09,19,158.4,email,inativo
267,Eduardo Lima,user267@exemplo.com,2025-10-10,6,184.26,email,inativo
268,Bruno Silva,user268@exemplo.com,2025-09-24,4,146.52,email,inativo
269,Julia Pereira,user269@exemplo.com,2025-08-15,25,80.94,email,inativo
270,Mariana Oliveira,user270@exemplo.com,2025-08-11,19,237.48,whatsapp,inativo
271,Bruno Ribeiro,user271@exemplo.com,2025-10-22,11,184.41,email,inativo
272,Eduardo Souza,user272@exemplo.com,2025-10-29,8,46.57,push,inativo
273,Nicolas Silva,user273@exemplo.com,2025-08-22,0,240.85,push,inativo
274,Tiago Costa,user274@exemplo.com,2025-10-22,8,232.2,whatsapp,inativo
275,Igor Pereira,user275@exemplo.com,2025-10-07,18,57.59,email,inativo
276,Fernanda Almeida,user276@exemplo.com,2025-10-02,15,32.63,email,inativo
277,Paulo Ferreira,user277@exemplo.com,2025-09-01,17,226.54,email,inativo
278,Gabriel Costa,user278@exemplo.com,2025-09-12,17,29.98,email,inativo
279,Ana Costa,user279@exemplo.com,2025-10-07,25,223.06,whatsapp,inativo
280,Quezia Oliveira,user280@exemplo.com,2025-08-11,23,99.91,push,inativo
281,Sofia Lima,user281@exemplo.com,2025-12-07,13,29.23,push,ativo
282,Gabriel Lima,user282@exemplo.com,2025-10-14,22,82.91,email,inativo
283,Eduardo Almeida,user283@exemplo.com,2025-08-21,3,23.69,whatsapp,inativo
284,Igor Silva,user284@exemplo.com,2025-11-14,6,220.48,email,ativo
285,Helena Pereira,user285@exemplo.com,2025-11-13,19,183.33,push,ativo
286,Bruno Ferreira,user286@exemplo.com,2025-10-23,18,212.91,email,inativo
287,Rafael Oliveira,user287@exemplo.com,2025-10-22,4,151.0,email,inativo
288,Mariana Costa,user288@exemplo.com,2025-10-22,14,141.44,email,inativo
289,Bruno Pereira,user289@exemplo.com,2025-09-08,23,169.95,email,inativo
290,Bruno Oliveira,user290@exemplo.com,2025-11-02,10,21.7,email,inativo
291,Ana Pereira,user291@exemplo.com,2025-09-12,25,244.92,whatsapp,inativo
292,Helena Ribeiro,user292@exemplo.com,2025-11-25,21,27.16,email,ativo
293,Carlos Almeida,user293@exemplo.com,2025-09-21,20,94.41,push,inativo
294,Olivia Ribeiro,user294@exemplo.com,2025-12-06,16,198.66,email,ativo
295,Rafael Almeida,user295@exemplo.com,2025-11-06,12,90.04,email,inativo
296,Gabriel Gomes,user296@exemplo.com,2025-11-04,14,230.85,email,inativo
297,Paulo Costa,user297@exemplo.com,2025-09-18,18,71.45,email,inativo
298,Eduardo Oliveira,user298@exemplo.com,2025-11-12,15,108.01,email,ativo
299,Tiago Ribeiro,user299@exemplo.com,2025-10-04,2,123.23,whatsapp,inativo
300,Leonardo Ribeiro,user300@exemplo.com,2025-09-16,6,47.04,email,inativo
301,Paulo Souza,user301@exemplo.com,2025-09-20,14,64.15,email,inativo
302,Fernanda Pereira,user302@exemplo.com,2025-09-12,14,66.32,push,inativo
303,Keila Pereira,user303@exemplo.com,2025-11-20,3,38.74,email,ativo
304,Quezia Gomes,user304@exemplo.com,2025-09-27,18,101.81,email,inativo
305,Igor Souza,user305@exemplo.com,2025-08-24,17,243.75,email,inativo
306,Ana Ferreira,user306@exemplo.com,2025-10-14,25,48.12,push,inativo
307,Rafael Pereira,user307@exemplo.com,2025-11-27,13,138.51,email,ativo
308,Paulo Costa,user308@exemplo.com,2025-11-11,15,114.4,email,ativo
309,Rafael Lima,user309@exemplo.com,2025-11-20,14,77.38,whatsapp,ativo
310,Olivia Silva,user310@exemplo.com,2025-10-18,9,141.73,email,inativo
311,Carlos Ribeiro,user311@exemplo.com,2025-11-07,0,63.8,email,inativo
312,Fernanda Costa,user312@exemplo.com,2025-10-08,23,157.2,email,inativo
313,Quezia Ferreira,user313@exemplo.com,2025-09-28,4,248.51,whatsapp,inativo
314,Eduardo Almeida,user314@exemplo.com,2025-08-13,0,249.13,push,inativo
315,Julia Ribeiro,user315@exemplo.com,2025-09-30,0,44.02,email,inativo
316,Olivia Pereira,user316@exemplo.com,2025-11-14,17,183.9,email,ativo
317,Gabriel Oliveira,user317@exemplo.com,2025-08-16,11,108.45,whatsapp,inativo
318,Julia Costa,user318@exemplo.com,2025-08-19,3,151.49,email,inativo
319,Olivia Souza,user319@exemplo.com,2025-08-10,24,148.75,email,inativo
320,Olivia Silva,user320@exemplo.com,2025-10-30,13,84.24,whatsapp,inativo
321,Nicolas Lima,user321@exemplo.com,2025-09-12,10,245.3,whatsapp,inativo
322,Leonardo Lima,user322@exemplo.com,2025-11-30,19,198.46,push,ativo
323,Olivia Silva,user323@exemplo.com,2025-10-18,6,223.38,push,inativo
324,Quezia Gomes,user324@exemplo.com,2025-08-09,20,74.86,email,inativo
325,Bruno Souza,user325@exemplo.com,2025-10-19,24,203.82,whatsapp,inativo
326,Helena Gomes,user326@exemplo.com,2025-10-07,8,21.56,email,inativo
327,Daniela Almeida,user327@exemplo.com,2025-11-22,25,51.28,email,ativo
328,Carlos Ribeiro,user328@exemplo.com,2025-10-30,12,39.94,email,inativo
329,Igor Silva,user329@exemplo.com,2025-10-09,19,98.09,email,inativo
330,Quezia Pereira,user330@exemplo.com,2025-09-30,20,124.08,email,inativo
331,Bruno Costa,user331@exemplo.com,2025-12-07,20,201.37,email,ativo
332,Bruno Silva,user332@exemplo.com,2025-11-11,3,211.81,push,ativo
333,Rafael Ferreira,user333@exemplo.com,2025-10-28,15,32.18,email,inativo
334,Leonardo Lima,user334@exemplo.com,2025-10-25,20,189.28,whatsapp,inativo
335,Sofia Oliveira,user335@exemplo.com,2025-10-04,18,114.63,push,inativo
336,Gabriel Oliveira,user336@exemplo.com,2025-09-25,7,213.7,whatsapp,inativo
337,Helena Silva,user337@exemplo.com,2025-10-06,25,108.71,push,inativo
338,Mariana Almeida,user338@exemplo.com,2025-09-17,20,190.23,email,inativo
339,Daniela Lima,user339@exemplo.com,2025-08-28,17,106.69,email,inativo
340,Julia Costa,user340@exemplo.com,2025-11-22,16,188.61,whatsapp,ativo
341,Helena Gomes,user341@exemplo.com,2025-09-15,4,66.51,email,inativo
342,Tiago Ferreira,user342@exemplo.com,2025-08-25,11,232.51,email,inativo
343,Gabriel Almeida,user343@exemplo.com,2025-10-02,19,67.97,whatsapp,inativo
344,Eduardo Pereira,user344@exemplo.com,2025-11-14,21,213.02,push,ativo
345,Ana Ribeiro,user345@exemplo.com,2025-11-02,7,142.5,email,inativo
346,Gabriel Gomes,user346@exemplo.com,2025-11-16,0,20.47,email,ativo
347,Mariana Souza,user347@exemplo.com,2025-10-16,16,186.78,email,inativo
348,Leonardo Almeida,user348@exemplo.com,2025-09-01,25,36.26,email,inativo
349,Carlos Pereira,user349@exemplo.com,2025-10-09,17,173.36,email,inativo
350,Bruno Costa,user350@exemplo.com,2025-08-14,14,74.09,email,inativo
351,Rafael Almeida,user351@exemplo.com,2025-09-22,15,55.2,push,inativo
352,Rafael Lima,user352@exemplo.com,2025-10-23,11,99.24,email,inativo
353,Igor Souza,user353@exemplo.com,2025-10-20,11,181.48,email,inativo
354,Gabriel Ferreira,user354@exemplo.com,2025-09-12,16,124.04,push,inativo
355,Helena Costa,user355@exemplo.com,2025-10-10,17,116.54,push,inativo
356,Keila Lima,user356@exemplo.com,2025-11-08,1,127.85,whatsapp,ativo
357,Bruno Costa,user357@exemplo.com,2025-08-14,13,243.03,email,inativo
358,Rafael Silva,user358@exemplo.com,2025-11-24,1,194.18,whatsapp,ativo
359,Daniela Ribeiro,user359@exemplo.com,2025-08-14,7,165.38,email,inativo
360,Rafael Souza,user360@exemplo.com,2025-11-21,17,43.06,push,ativo
361,Tiago Gomes,user361@exemplo.com,2025-11-15,17,181.22,email,ativo
362,Daniela Oliveira,user362@exemplo.com,2025-09-11,24,119.67,email,inativo
363,Olivia Ribeiro,user363@exemplo.com,2025-10-25,3,90.62,email,inativo
364,Carlos Costa,user364@exemplo.com,2025-09-29,12,237.05,email,inativo
365,Ana Ferreira,user365@exemplo.com,2025-12-05,22,114.21,whatsapp,ativo
366,Helena Costa,user366@exemplo.com,2025-12-02,13,142.37,email,ativo
367,Gabriel Pereira,user367@exemplo.com,2025-08-10,13,148.81,email,inativo
368,Leonardo Silva,user368@exemplo.com,2025-10-06,20,87.53,whatsapp,inativo
369,Nicolas Oliveira,user369@exemplo.com,2025-09-01,20,163.44,email,inativo
370,Igor Lima,user370@exemplo.com,2025-09-03,21,76.7,email,inativo
371,Nicolas Costa,user371@exemplo.com,2025-10-21,12,43.72,email,inativo
372,Sofia Silva,user372@exemplo.com,2025-11-30,1,172.88,push,ativo
373,Fernanda Gomes,user373@exemplo.com,2025-11-12,10,245.58,email,ativo
374,Mariana Oliveira,user374@exemplo.com,2025-11-19,20,242.54,email,ativo
375,Rafael Silva,user375@exemplo.com,2025-10-08,19,119.17,email,inativo
376,Mariana Souza,user376@exemplo.com,2025-10-05,19,93.43,whatsapp,inativo
377,Paulo Gomes,user377@exemplo.com,2025-10-01,19,228.64,email,inativo
378,Igor Almeida,user378@exemplo.com,2025-09-03,18,66.22,email,inativo
379,Rafael Pereira,user379@exemplo.com,2025-10-19,12,40.97,whatsapp,inativo
380,Sofia Pereira,user380@exemplo.com,2025-11-01,2,178.07,email,inativo
381,Paulo Silva,user381@exemplo.com,2025-09-22,20,174.05,push,inativo
382,Rafael Almeida,user382@exemplo.com,2025-10-07,11,61.4,email,inativo
383,Eduardo Costa,user383@exemplo.com,2025-11-22,18,246.75,email,ativo
384,Olivia Ferreira,user384@exemplo.com,2025-11-19,1,152.62,email,ativo
385,Rafael Ferreira,user385@exemplo.com,2025-08-20,18,228.52,push,inativo
386,Sofia Lima,user386@exemplo.com,2025-08-29,24,119.31,email,inativo
387,Igor Costa,user387@exemplo.com,2025-11-01,10,179.61,push,inativo
388,Fernanda Souza,user388@exemplo.com,2025-10-22,19,170.79,email,inativo
389,Julia Souza,user389@exemplo.com,2025-11-22,15,26.39,email,ativo
390,Eduardo Ribeiro,user390@exemplo.com,2025-10-11,22,47.36,email,inativo
391,Gabriel Silva,user391@exemplo.com,2025-09-15,7,183.47,email,inativo
392,Gabriel Gomes,user392@exemplo.com,2025-09-21,20,25.35,push,inativo
393,Mariana Silva,user393@exemplo.com,2025-10-10,9,180.54,email,inativo
394,Eduardo Gomes,user394@exemplo.com,2025-10-28,22,150.15,email,inativo
395,Mariana Oliveira,user395@exemplo.com,2025-08-16,21,195.55,email,inativo
396,Quezia Pereira,user396@exemplo.com,2025-10-13,8,82.39,email,inativo
397,Keila Pereira,user397@exemplo.com,2025-10-28,13,149.7,email,inativo
398,Carlos Costa,user398@exemplo.com,2025-09-18,23,119.46,email,inativo
399,Sofia Ribeiro,user399@exemplo.com,2025-10-19,18,104.27,push,inativo
400,Sofia Costa,user400@exemplo.com,2025-11-16,7,198.11,email,ativo
401,Mariana Silva,user401@exemplo.com,2025-09-25,18,21.16,push,inativo
402,Mariana Silva,user402@exemplo.com,2025-10-13,13,126.81,email,inativo
403,Leonardo Ferreira,user403@exemplo.com,2025-08-26,8,102.46,email,inativo
404,Gabriel Ferreira,user404@exemplo.com,2025-08-31,11,76.78,email,inativo
405,Nicolas Costa,user405@exemplo.com,2025-11-08,16,95.1,push,ativo
406,Ana Oliveira,user406@exemplo.com,2025-08-27,12,214.59,email,inativo
407,Helena Pereira,user407@exemplo.com,2025-10-13,17,141.97,whatsapp,inativo
408,Rafael Lima,user408@exemplo.com,2025-12-07,24,49.47,email,ativo
409,Igor Almeida,user409@exemplo.com,2025-09-29,13,158.6,email,inativo
410,Julia Oliveira,user410@exemplo.com,2025-09-01,0,214.86,whatsapp,inativo
411,Keila Souza,user411@exemplo.com,2025-08-10,4,72.26,whatsapp,inativo
412,Paulo Pereira,user412@exemplo.com,2025-10-23,4,245.99,email,inativo
413,Ana Costa,user413@exemplo.com,2025-09-25,23,152.12,push,inativo
414,Gabriel Ribeiro,user414@exemplo.com,2025-08-12,14,78.54,email,inativo
415,Nicolas Pereira,user415@exemplo.com,2025-09-27,10,104.26,push,inativo
416,Olivia Costa,user416@exemplo.com,2025-09-17,19,37.1,push,inativo
417,Paulo Almeida,user417@exemplo.com,2025-08-22,10,30.74,email,inativo
418,Sofia Silva,user418@exemplo.com,2025-09-01,13,149.54,email,inativo
419,Julia Gomes,user419@exemplo.com,2025-11-28,6,178.83,email,ativo
420,Paulo Costa,user420@exemplo.com,2025-11-19,22,194.99,push,ativo
421,Helena Almeida,user421@exemplo.com,2025-11-08,7,222.41,push,ativo
422,Paulo Lima,user422@exemplo.com,2025-11-28,8,31.11,push,ativo
423,Rafael Silva,user423@exemplo.com,2025-09-25,5,131.68,email,inativo
424,Helena Silva,user424@exemplo.com,2025-09-15,23,201.83,whatsapp,inativo
425,Keila Almeida,user425@exemplo.com,2025-09-05,0,51.53,email,inativo
426,Carlos Pereira,user426@exemplo.com,2025-09-03,6,136.13,push,inativo
427,Olivia Silva,user427@exemplo.com,2025-08-12,18,28.87,email,inativo
428,Sofia Silva,user428@exemplo.com,2025-10-07,10,202.77,whatsapp,inativo
429,Igor Silva,user429@exemplo.com,2025-09-22,12,119.35,whatsapp,inativo
430,Keila Oliveira,user430@exemplo.com,2025-09-01,4,165.7,email,inativo
431,Ana Ribeiro,user431@exemplo.com,2025-10-27,0,229.46,push,inativo
432,Keila Almeida,user432@exemplo.com,2025-10-09,7,124.26,email,inativo
433,Eduardo Ferreira,user433@exemplo.com,2025-11-21,7,164.52,email,ativo
434,Gabriel Ferreira,user434@exemplo.com,2025-10-27,16,219.94,push,inativo
435,Igor Ferreira,user435@exemplo.com,2025-08-15,3,54.16,push,inativo
436,Keila Gomes,user436@exemplo.com,2025-11-14,19,28.88,email,ativo
437,Nicolas Silva,user437@exemplo.com,2025-08-27,25,210.26,email,inativo
438,Bruno Silva,user438@exemplo.com,2025-11-18,5,208.12,push,ativo
439,Julia Lima,user439@exemplo.com,2025-11-05,23,181.61,email,inativo
440,Daniela Souza,user440@exemplo.com,2025-11-26,4,230.42,push,ativo
441,Tiago Silva,user441@exemplo.com,2025-10-01,25,52.5,push,inativo
442,Keila Pereira,user442@exemplo.com,2025-11-23,25,193.42,email,ativo
443,Ana Lima,user443@exemplo.com,2025-12-06,23,107.25,email,ativo
444,Daniela Oliveira,user444@exemplo.com,2025-09-02,18,165.67,email,inativo
445,Olivia Oliveira,user445@exemplo.com,2025-10-10,15,187.9,email,inativo
446,Quezia Costa,user446@exemplo.com,2025-09-10,14,237.64,push,inativo
447,Mariana Lima,user447@exemplo.com,2025-11-19,12,168.03,email,ativo
448,Igor Ferreira,user448@exemplo.com,2025-08-19,16,136.37,whatsapp,inativo
449,Igor Ribeiro,user449@exemplo.com,2025-08-23,21,73.46,push,inativo
450,Nicolas Souza,user450@exemplo.com,2025-09-17,21,118.25,whatsapp,inativo
451,Eduardo Costa,user451@exemplo.com,2025-09-03,11,127.95,push,inativo
452,Quezia Oliveira,user452@exemplo.com,2025-11-30,23,127.55,whatsapp,ativo
453,Julia Costa,user453@exemplo.com,2025-10-13,14,43.98,email,inativo
454,Sofia Gomes,user454@exemplo.com,2025-10-10,5,68.86,push,inativo
455,Leonardo Costa,user455@exemplo.com,2025-11-17,25,24.65,email,ativo
456,Mariana Silva,user456@exemplo.com,2025-11-17,5,112.99,push,ativo
457,Bruno Ferreira,user457@exemplo.com,2025-11-09,23,161.75,email,ativo
458,Quezia Lima,user458@exemplo.com,2025-09-12,8,75.64,email,inativo
459,Sofia Costa,user459@exemplo.com,2025-09-30,15,109.94,push,inativo
460,Fernanda Lima,user460@exemplo.com,2025-10-08,1,202.87,email,inativo
461,Keila Gomes,user461@exemplo.com,2025-11-05,24,202.92,email,inativo
462,Igor Souza,user462@exemplo.com,2025-10-24,13,61.59,email,inativo
463,Mariana Ribeiro,user463@exemplo.com,2025-10-13,9,54.0,email,inativo
464,Keila Pereira,user464@exemplo.com,2025-09-13,7,24.49,email,inativo
465,Igor Ferreira,user465@exemplo.com,2025-09-20,20,248.56,whatsapp,inativo
466,Eduardo Gomes,user466@exemplo.com,2025-08-19,19,35.68,push,inativo
467,Sofia Silva,user467@exemplo.com,2025-09-05,6,194.74,push,inativo
468,Gabriel Costa,user468@exemplo.com,2025-11-15,18,227.94,push,ativo
469,Igor Almeida,user469@exemplo.com,2025-10-01,7,218.11,push,inativo
470,Eduardo Costa,user470@exemplo.com,2025-08-26,24,103.69,email,inativo
471,Ana Pereira,user471@exemplo.com,2025-10-03,3,196.18,email,inativo
472,Tiago Souza,user472@exemplo.com,2025-09-30,3,103.9,whatsapp,inativo
473,Keila Ferreira,user473@exemplo.com,2025-10-29,14,115.25,email,inativo
474,Olivia Ribeiro,user474@exemplo.com,2025-11-16,19,247.76,email,ativo
475,Nicolas Pereira,user475@exemplo.com,2025-09-29,19,67.96,push,inativo
476,Nicolas Ferreira,user476@exemplo.com,2025-09-23,5,47.14,email,inativo
477,Paulo Pereira,user477@exemplo.com,2025-10-09,10,115.39,push,inativo
478,Igor Almeida,user478@exemplo.com,2025-10-31,18,173.41,push,inativo
479,Nicolas Costa,user479@exemplo.com,2025-10-15,13,58.65,email,inativo
480,Keila Oliveira,user480@exemplo.com,2025-09-18,18,213.37,push,inativo
481,Helena Lima,user481@exemplo.com,2025-10-03,22,228.86,push,inativo
482,Helena Ribeiro,user482@exemplo.com,2025-11-02,8,249.1,whatsapp,inativo
483,Helena Ribeiro,user483@exemplo.com,2025-12-05,6,174.59,email,ativo
484,Mariana Gomes,user484@exemplo.com,2025-09-29,1,113.05,email,inativo
485,Carlos Ferreira,user485@exemplo.com,2025-08-22,10,95.26,email,inativo
486,Carlos Lima,user486@exemplo.com,2025-11-13,3,244.26,email,ativo
487,Quezia Lima,user487@exemplo.com,2025-11-28,12,99.16,email,ativo
488,Tiago Souza,user488@exemplo.com,2025-09-22,12,171.39,email,inativo
489,Sofia Gomes,user489@exemplo.com,2025-08-11,23,238.29,email,inativo
490,Ana Almeida,user490@exemplo.com,2025-10-28,2,201.73,email,inativo
491,Gabriel Almeida,user491@exemplo.com,2025-08-22,8,31.11,whatsapp,inativo
492,Ana Souza,user492@exemplo.com,2025-10-08,18,137.58,email,inativo
493,Tiago Gomes,user493@exemplo.com,2025-08-17,8,107.42,email,inativo
494,Igor Ribeiro,user494@exemplo.com,2025-11-26,22,248.2,email,ativo
495,Leonardo Gomes,user495@exemplo.com,2025-09-02,3,76.49,email,inativo
496,Daniela Ferreira,user496@exemplo.com,2025-11-13,0,157.43,push,ativo
497,Julia Souza,user497@exemplo.com,2025-11-24,23,91.52,email,ativo
498,Carlos Souza,user498@exemplo.com,2025-09-12,25,104.51,email,inativo
499,Eduardo Ribeiro,user499@exemplo.com,2025-11-09,23,79.58,email,ativo
500,Quezia Costa,user500@exemplo.com,2025-08-18,20,135.39,push,inativo
